player,team,source
Cameron Boozer,MEM,hashtagbasketball.com/keeper 2026-09-24
Caleb Wilson,CHI,hashtagbasketball.com/keeper 2026-09-24
AJ Dybantsa,WAS,hashtagbasketball.com/keeper 2026-09-24
Darryn Peterson,UTA,hashtagbasketball.com/keeper 2026-09-24
Mikel Brown Jr.,BKN,hashtagbasketball.com/keeper 2026-09-24
Darius Acuff Jr.,SAC,hashtagbasketball.com/keeper 2026-09-24
Keaton Wagler,LAC,hashtagbasketball.com/keeper 2026-09-24
Brayden Burries,MIL,hashtagbasketball.com/keeper 2026-09-24
Kingston Flemings,ATL,hashtagbasketball.com/keeper 2026-09-24
Yaxel Lendeborg,GSW,hashtagbasketball.com/keeper 2026-09-24
Morez Johnson Jr.,DAL,hashtagbasketball.com/keeper 2026-09-24
Labaron Philon Jr.,PHI,hashtagbasketball.com/keeper 2026-09-24
Hannes Steinbach,CHA,hashtagbasketball.com/keeper 2026-09-24
Allen Graves,TOR,hashtagbasketball.com/keeper 2026-09-24
Cameron Carr,LAL,hashtagbasketball.com/keeper 2026-09-24
Nate Ament,MIL,hashtagbasketball.com/keeper 2026-09-24
Christian Anderson,CHA,hashtagbasketball.com/keeper 2026-09-24
Dailyn Swain,CHI,hashtagbasketball.com/keeper 2026-09-24
Joshua Jefferson,BKN,hashtagbasketball.com/keeper 2026-09-24
Ebuka Okorie,DET,hashtagbasketball.com/keeper 2026-09-24
Isaiah Evans,MIN,hashtagbasketball.com/keeper 2026-09-24
Joan Beringer,MIN,hashtagbasketball.com/keeper 2026-09-24
Jayden Quaintance,SAS,hashtagbasketball.com/keeper 2026-09-24
Carter Bryant,SAS,hashtagbasketball.com/keeper 2026-09-24
Aday Mara,OKC,hashtagbasketball.com/keeper 2026-09-24
Yanic Konan Niederhauser,LAC,hashtagbasketball.com/keeper 2026-09-24
